cluster,total_sites,successful_folds,mean_test_r2,std_test_r2,mean_test_rmse,std_test_rmse,min_test_r2,max_test_r2
0,18,18,-2.5300280178596117,7.0840373380085655,6.3407498753339935,8.035145879607889,-30.66973319001655,0.7698734495298174
1,20,20,-0.42964997978122776,1.6010105983305905,3.365474856747973,2.5639273724959937,-5.0813293101628,0.7692386040696414
2,19,19,-10.836550375622432,33.320800326788344,7.923594915558087,4.574360095364049,-136.29338731998715,0.5438449114869406
3,13,13,-0.3369480160936113,2.411346696232713,4.026864692745978,1.4110156028965255,-8.667105802130106,0.5638156613997964
4,17,17,-8.931945650429396,34.521169529195504,5.242192813454774,7.211508719043302,-146.93176163051817,0.3811068736079083
