cluster,total_sites,successful_folds,mean_test_r2,std_test_r2,mean_test_rmse,std_test_rmse,min_test_r2,max_test_r2
0,13,13,0.8943388288008329,0.11916299660905501,0.8615490612970936,0.446253645866661,0.5385411946910198,0.9840423596975079
1,20,20,0.9194533638316363,0.05908554481686954,1.308988486741177,0.472667904908562,0.7048401316616039,0.9912098217273339
2,19,19,0.7992704807354929,0.25940772153053115,2.5306873458821255,1.3431341929402654,-0.05141942836056179,0.9657284357908467
3,22,22,0.8354624887188994,0.07227616630139877,1.3222225207852372,1.5522186081427065,0.650424419532105,0.9409466988851278
4,13,13,-2.2527584603724202,10.625344356983831,0.6950065016821375,0.3404677891594662,-39.054652591691024,0.9762374245537103
