cluster,total_sites,successful_folds,mean_test_r2,std_test_r2,mean_test_rmse,std_test_rmse,min_test_r2,max_test_r2
0,13,13,-2.0590872978479804,9.095516431826287,1.9104433756958454,0.6745899382465996,-33.523412739159276,0.9093612053892758
1,20,20,0.6283495050419702,0.42116552546186703,2.628497216644152,1.3193591677556253,-1.008461229509646,0.9583580166841854
2,19,19,-3.2413880737254073,10.718517607723369,5.260703870577976,2.1890390642532087,-40.81636305550299,0.9503845790285607
3,22,22,-8.401700634837006,12.865150561084265,5.516215788416154,3.342315979200291,-44.72282103374884,0.7288079523797976
4,13,13,-442.2699657255431,1520.513280433449,1.9460719209341557,0.6388438842746839,-5709.432947849315,0.9464637293939442
