cluster,total_sites,successful_folds,mean_test_r2,std_test_r2,mean_test_rmse,std_test_rmse,min_test_r2,max_test_r2
0,9,9,-1.6005111533328846,2.818914230232387,5.848982840386309,3.2456760144281267,-7.391671847543224,0.6617410379427919
1,8,8,-1.0401493293315602,1.932518107857611,3.5612776485705346,2.0686704062232923,-4.342392209434314,0.7174774818545069
2,21,21,-16.260253820860736,51.9901549683975,7.730676180441542,4.128429946461926,-218.47191335635654,0.6602542917166911
3,13,13,-0.01802548933346913,0.8071812178999103,6.034877993199323,7.988232507941794,-2.6686644953155216,0.5011858017060089
4,36,36,-1.4376149271555037,5.737886273219668,4.146000285161498,5.886092905762748,-32.745207956716705,0.6463241054246776
