{
  "0": {
    "max_depth": 13,
    "learning_rate": 0.07408477126679322,
    "subsample": 0.8542018517610527,
    "colsample_bytree": 0.8624486708894005,
    "min_child_weight": 4,
    "reg_alpha": 0.6752510400214523,
    "reg_lambda": 3.893089864681799,
    "n_estimators": 254
  },
  "1": {
    "max_depth": 14,
    "learning_rate": 0.2851004870176605,
    "subsample": 0.8631570789832748,
    "colsample_bytree": 0.6997433246513164,
    "min_child_weight": 1,
    "reg_alpha": 0.3057255972040006,
    "reg_lambda": 1.5210652184546682,
    "n_estimators": 172
  },
  "2": {
    "max_depth": 13,
    "learning_rate": 0.29237511130600685,
    "subsample": 0.7405619281021114,
    "colsample_bytree": 0.7488905168184308,
    "min_child_weight": 7,
    "reg_alpha": 0.3414529851532577,
    "reg_lambda": 2.8784325991735025,
    "n_estimators": 131
  },
  "3": {
    "max_depth": 9,
    "learning_rate": 0.29398830548396615,
    "subsample": 0.7924078025724535,
    "colsample_bytree": 0.7969697813744534,
    "min_child_weight": 9,
    "reg_alpha": 0.5951447883966152,
    "reg_lambda": 2.662180148234187,
    "n_estimators": 176
  }
}