cluster,total_sites,successful_folds,mean_test_r2,std_test_r2,mean_test_rmse,std_test_rmse,min_test_r2,max_test_r2
0,13,13,-0.9570492760458869,5.612562309344279,1.7417951922816344,0.5981333700507838,-20.3735442025782,0.9229306880895569
1,20,20,0.48178688790539537,0.8415344709373429,2.924388915061146,1.6172943494761156,-3.0372317127377153,0.9322806702859833
2,19,19,-0.06080817976311561,2.1739662444492645,3.9627072201137894,1.7045129454715904,-6.578482714513442,0.9269660245212388
3,22,22,-23.916571351689367,31.74658898970886,8.708642868541657,4.573409169665189,-115.56294143339144,0.48726011825252613
4,13,13,-41.59752182393753,127.5926098415829,1.793232109363346,0.6258533206824158,-482.1425231296006,0.9206966142957244
