cluster,total_sites,successful_folds,mean_test_r2,std_test_r2,mean_test_rmse,std_test_rmse,min_test_r2,max_test_r2
0,15,15,0.8662026103611888,0.14103611421876117,1.1112969100197807,0.6005034529640841,0.37975149200241387,0.9780321951452382
1,19,19,0.7242588196765329,0.3487323879951512,2.9389139587494935,1.5354829495059508,-0.3684072186228067,0.969939217202798
2,20,20,-0.8501258981471539,1.646260919442978,5.769730233678596,1.70909843718333,-5.386891953761996,0.6667788028131603
3,19,19,0.8581148406996162,0.06748993365931513,1.174716412187883,1.7301794301487647,0.7245183552554568,0.9482871084602464
4,14,14,-4924.852245045194,17411.518539358236,6.399345561048053,2.627400086986676,-67694.47347926736,0.4999988600675892
