cluster,total_sites,successful_folds,mean_test_r2,std_test_r2,mean_test_rmse,std_test_rmse,min_test_r2,max_test_r2
0,18,18,-2.16717003083569,5.391012547000536,5.963834811120718,7.808499733425463,-22.664964339083845,0.7473172519755131
1,20,20,-0.505610790517515,2.0339982377935524,3.2976310304465657,2.4760679454581993,-7.890440327923791,0.752081862324519
2,19,19,-11.713694490913236,42.46242065865553,8.170662444012983,5.298274202567712,-189.22833325944464,0.5226921955329209
3,13,13,-0.6901918593013833,3.59578323094766,4.112372755016684,1.4224529722299235,-13.129690372477096,0.6544971296923217
4,17,17,-11.684409021565912,46.807251076687606,5.093549428278643,7.251107186931188,-198.8876927550126,0.5580989597551211
