cluster,total_sites,successful_folds,mean_test_r2,std_test_r2,mean_test_rmse,std_test_rmse,min_test_r2,max_test_r2
0,19,19,0.009223967255891188,0.6393433668686177,4.858335945473654,1.4280976190520076,-1.6700287097455488,0.6330635969662184
1,27,27,-9.359627709446002,22.346401626004674,7.1648179079982475,9.271284533667849,-86.35423511801065,0.5440416937533905
2,28,28,-0.7440816515242992,2.853199657631558,6.738132914585281,4.151702413085426,-12.20770048124674,0.5357954571799483
3,13,13,-19.75845746972319,61.485470855681605,3.195159548945839,1.4680993683157935,-232.50573667940964,0.6691702949345945
