cluster,total_sites,successful_folds,mean_test_r2,std_test_r2,mean_test_rmse,std_test_rmse,min_test_r2,max_test_r2
0,11,11,-13.51405237153697,37.47286532705121,2.8671878475345136,1.5023553891001007,-131.80974096141227,0.4416592262284683
1,20,20,-3.2560843027303634,7.202054300163787,5.256446700940016,7.842081181364988,-20.94638200555668,0.5527980297418552
2,10,10,-0.5238266255986085,1.3844126888731263,5.414795896943149,1.478671607563325,-3.970543644348922,0.7214205404326929
3,21,21,-8.348423176982825,37.819539192340784,7.878843968590142,4.801276034280695,-177.46576544830717,0.6415790781501381
4,13,13,-0.6633655676364325,2.332647136759151,5.880970416050901,8.06122672811845,-7.711055658336081,0.4440660677696031
5,12,12,0.3856156814570939,0.16328922351407604,3.750166560965834,1.2854025100691089,0.014390915693528239,0.5571872039060423
