cluster,total_sites,successful_folds,mean_test_r2,std_test_r2,mean_test_rmse,std_test_rmse,min_test_r2,max_test_r2
0,19,19,0.06986789323401896,0.6906671197975182,4.733213539749,1.5308366849484816,-2.6000672444776334,0.6506917365820466
1,27,27,-5.270488442415395,14.328527188650698,6.485975254488448,9.519379867601588,-57.863203750268426,0.5495403118222146
2,28,28,-0.51464646161597,2.5518011920457804,6.633152117522449,4.080154159819715,-12.531767541557857,0.5890041550234539
3,13,13,-29.62783586841526,82.83571023967818,3.319539789075515,1.4497699613058561,-310.5782405708779,0.6291030403778257
