cluster,total_sites,successful_folds,mean_test_r2,std_test_r2,mean_test_rmse,std_test_rmse,min_test_r2,max_test_r2
0,18,18,-2.362986511310723,4.510880836544847,6.401627505249689,7.815766810282492,-14.590183175893108,0.5810675743303795
1,20,20,-0.28521936518090324,1.4708765336402465,3.3202691194897023,2.6152578168249856,-5.633263984301509,0.8080371175558785
2,19,19,-16.820591020669166,48.740517089153606,7.93578422221914,4.992929562055793,-161.89751614123296,0.7384393374135328
3,13,13,-1.3140154967660047,5.662949002298797,4.23978181276441,1.5075958536490628,-20.918235242614806,0.618921158029592
4,17,17,-32.38591783526571,63.52418090020088,15.872248613015202,24.15811711384778,-206.25638987321577,0.3781950556027329
