cluster,total_sites,successful_folds,mean_test_r2,std_test_r2,mean_test_rmse,std_test_rmse,min_test_r2,max_test_r2
0,24,24,-0.41550406889398195,3.6253945614959497,5.38413744852065,6.126594377484064,-17.77063569311065,0.6443853920670364
1,31,31,-4.409531267997597,18.582880054156043,5.706609016955092,7.915114506184992,-104.77539170293494,0.5427931210276147
2,32,32,-14.776439080209817,66.50392526277103,6.129948843742673,3.9772315444355453,-379.21628798114295,0.5885142310141906
