cluster,mean_test_r2,sd_test_r2,mean_rmse,sd_rmse,mean_mae,sd_mae,frac_r2_pos,folds
0,-1.6005111533328846,2.989910051670866,5.848982840386309,3.4425592790049824,4.235817582112428,2.3206230669798176,0.3333333333333333,9
1,-1.0401493293315602,2.065948758097094,3.5612776485705346,2.211501687498866,2.5499651416977214,1.8033840732509576,0.5,8
2,-16.260253820860736,53.27405582757789,7.730676180441543,4.230381840210858,4.974839726546811,2.93930328731611,0.5714285714285714,21
3,-0.018025489333469133,0.8401408483549535,6.034877993199322,8.314416003806254,2.336877055270974,0.6957277006663392,0.7692307692307693,13
4,-1.4376149271555039,5.819278796351947,4.146000285161497,5.969587755639268,2.7526030442721936,4.2280836562528314,0.7222222222222222,36
OVERALL,-4.783673494156979,26.790567290424818,5.415915985272627,5.673832086209432,3.3616876430160714,3.3479157723736535,0.632183908045977,87
