cluster,total_sites,successful_folds,mean_test_r2,std_test_r2,mean_test_rmse,std_test_rmse,min_test_r2,max_test_r2
0,9,9,-5.885228783172085,11.378864840855497,6.090548246005377,2.8851738470083106,-33.30600661179759,0.6928048760581613
1,8,8,-0.25910382965856626,0.836228937069479,3.5808440234067493,2.1932336778389048,-1.6683600712110485,0.6837645260033516
2,21,21,-20.546031026314957,65.64024409326757,8.133085143681237,4.5118586194121955,-276.1748690184594,0.5106580559075415
3,13,13,-0.16294629302458777,1.4013799782286003,6.074521321193572,7.983793330792561,-4.984899493618385,0.5078688605962001
4,36,36,-1.568883011984555,5.1926360188065575,4.284895168565261,5.903765050504418,-28.089574040537222,0.6024295668356481
