cluster,total_sites,successful_folds,mean_test_r2,std_test_r2,mean_test_rmse,std_test_rmse,min_test_r2,max_test_r2
0,9,9,-3.7069049099126254,7.0264755289235445,5.895975433467581,2.9266905202670737,-20.86327108664947,0.6948684078102385
1,8,8,-0.2788841394988169,1.1784216653589006,3.0409476160288254,1.6064947884031486,-2.745593761120663,0.7553397075003918
2,21,21,-14.001554048732823,41.88276496682662,7.309168051773301,4.312540841689179,-152.89561486952536,0.7529491731976989
3,13,13,-1521.1729984267777,4187.81521836723,41.76620865276816,69.04926850168346,-15559.223398582762,0.3110942757497748
4,36,36,-2.1412298142654422,7.911345571899295,4.333572609043146,6.145886656456921,-35.54920483418891,0.6522403122242648
