cluster,total_sites,successful_folds,mean_test_r2,std_test_r2,mean_test_rmse,std_test_rmse,min_test_r2,max_test_r2
0,18,18,-2.4650101703115244,5.180577492481544,6.33039747576279,7.749561552341622,-19.803149957006404,0.5179507294070964
1,20,20,-0.14826635979845804,1.295372192123212,3.1328158490218483,2.4852988485311003,-3.9695530030559443,0.8376256085574822
2,19,19,-6.368847307203052,20.39242925349859,7.384783020268043,4.508565269966768,-88.24086113881795,0.7732200090173147
3,13,13,-0.4670774087540908,2.6783348006912586,4.06336543854971,1.3033707062722693,-9.698543270097913,0.6406257669489356
4,17,17,-1769.2260508398913,6399.5477214601215,34.13795499169496,78.05099740489777,-27248.765691888468,0.4461691007527142
