cluster,total_sites,successful_folds,mean_test_r2,std_test_r2,mean_test_rmse,std_test_rmse,min_test_r2,max_test_r2
0,24,24,-0.8132067628899907,5.330820298729136,5.387172307660638,6.060489982004891,-26.325591984922436,0.6617727276554104
1,31,31,-3.7049951859278045,10.596492299632212,5.907282789876456,8.269346284028133,-44.60945810032183,0.5525732423584011
2,32,32,-27.462616285149227,100.6815936830109,6.48724248331674,4.238904714153951,-543.2200486478871,0.6215691373626098
