cluster,total_sites,successful_folds,mean_test_r2,std_test_r2,mean_test_rmse,std_test_rmse,min_test_r2,max_test_r2
0,15,15,-0.45920276280453365,1.3495871271336932,5.541463924861836,2.3280520329862924,-3.7955599744937576,0.5490542059845307
1,19,19,-7.000666860253524,29.536445988611185,7.8585144816673544,4.551679494227739,-132.25550473240222,0.6466214177664098
2,12,12,-20.73299770094412,47.4750921868965,10.868841315522701,13.25952976179827,-171.71177998316,0.4888425009028181
3,4,4,-3.5848815817191433,7.135483052382707,4.212399534787712,1.0959161847004775,-15.933288684962491,0.8026079063352421
4,5,5,-8.926096204053799,18.47836359560694,2.619535711152443,1.0150321188706064,-45.88148663813222,0.5081350823087384
5,3,3,0.43619331910566067,0.13794188382907824,5.164806980577012,0.27578328904724786,0.2701061694308987,0.607855396560482
6,15,15,-0.7652146306232628,3.2383394816770203,2.502157168511377,1.6670632887421704,-11.928947067566051,0.696214348150594
7,4,4,0.01752270468074618,0.7977505598527685,4.307594931487353,0.5734069625826294,-1.340449968797012,0.6664313110521582
8,7,7,-19.967702622920367,48.261061988766144,2.5251361876426315,1.3753160553419153,-138.17184188009887,0.5375707604753038
