train_rmse,test_rmse,train_mae,test_mae,train_r2,test_r2,train_samples,test_samples,fold,train_files,test_files
2.188120399781888,6.31446248887722,1.1086046695709229,2.536050796508789,0.753011167049408,0.104453444480896,995167,1551534,2,17,17
3.784174521165828,5.967332921399997,1.8022041320800781,3.6937317848205566,0.5890548825263977,-0.3119938373565674,2546701,3425382,3,34,17
3.153483169522848,4.886690452243707,1.3683180809020996,2.9015653133392334,0.6752103567123413,0.1728711724281311,5972083,1949526,4,51,17
3.4533031296851373,5.133747729794855,1.6062792539596558,3.6075968742370605,0.6055716276168823,-0.33940720558166504,7921609,738790,5,68,17
