cluster,total_sites,successful_folds,mean_test_r2,std_test_r2,mean_test_rmse,std_test_rmse,min_test_r2,max_test_r2
0,19,19,-2.0773560553707573,8.320766767113364,5.114607773600645,2.400719668801646,-36.94990303820362,0.6028337990420742
1,27,27,-1.1712336817942268,3.585166795780993,4.42737472530926,6.772428417858244,-16.715951979583448,0.6286526888776398
2,27,27,-0.4169232708072552,1.5322237170901143,5.986714310083631,3.889283246505066,-4.4351882807407454,0.8124951344997828
