{
  "0": {
    "max_depth": 10,
    "learning_rate": 0.0609967466647675,
    "subsample": 0.8279594167813757,
    "colsample_bytree": 0.7302435441542399,
    "min_child_weight": 7,
    "reg_alpha": 4.533817307443037,
    "reg_lambda": 3.3694563467927736,
    "n_estimators": 79
  },
  "1": {
    "max_depth": 5,
    "learning_rate": 0.1895025528961658,
    "subsample": 0.7446242912301667,
    "colsample_bytree": 0.7702633961231187,
    "min_child_weight": 7,
    "reg_alpha": 0.3330515288815601,
    "reg_lambda": 3.697821190650156,
    "n_estimators": 104
  },
  "2": {
    "max_depth": 9,
    "learning_rate": 0.08024223205386372,
    "subsample": 0.7577680721976868,
    "colsample_bytree": 0.7371973536815866,
    "min_child_weight": 3,
    "reg_alpha": 3.2269076548666495,
    "reg_lambda": 3.132249317271235,
    "n_estimators": 116
  },
  "3": {
    "max_depth": 7,
    "learning_rate": 0.051609819062795034,
    "subsample": 0.8530558669198511,
    "colsample_bytree": 0.700136714843071,
    "min_child_weight": 5,
    "reg_alpha": 0.18981511586177824,
    "reg_lambda": 3.90811594200375,
    "n_estimators": 50
  }
}