cluster,total_sites,successful_folds,mean_test_r2,std_test_r2,mean_test_rmse,std_test_rmse,min_test_r2,max_test_r2
0,27,27,-8.30392356232929,33.13923520303873,5.708346288540455,9.46515009174053,-173.5644165761431,0.6468205883168334
1,19,19,-7.000666860253524,29.536445988611185,7.8585144816673544,4.551679494227739,-132.25550473240222,0.6466214177664098
2,14,14,-11.123708990452391,38.540385589393146,3.307463760915848,1.3098767529929156,-149.93792417922054,0.7357526180428837
3,24,24,-1.2716957440855938,6.347363670427189,4.579292916920351,2.282494015178856,-31.533457127819958,0.6625056405252594
