{
  "0": {
    "max_depth": 10,
    "learning_rate": 0.050556005152446404,
    "subsample": 0.700030557057367,
    "colsample_bytree": 0.857454664583719,
    "min_child_weight": 7,
    "reg_alpha": 3.6058180944474563,
    "reg_lambda": 1.2332503248953115,
    "n_estimators": 117
  },
  "1": {
    "max_depth": 4,
    "learning_rate": 0.08587664023617284,
    "subsample": 0.7947464074984529,
    "colsample_bytree": 0.7222134086696474,
    "min_child_weight": 1,
    "reg_alpha": 0.029296528709156697,
    "reg_lambda": 4.131031266054601,
    "n_estimators": 115
  },
  "2": {
    "max_depth": 7,
    "learning_rate": 0.07468466014529669,
    "subsample": 0.7119232301643501,
    "colsample_bytree": 0.7217793961846362,
    "min_child_weight": 6,
    "reg_alpha": 3.7637671504888677,
    "reg_lambda": 1.872044141343089,
    "n_estimators": 63
  }
}