cluster,total_sites,successful_folds,mean_test_r2,std_test_r2,mean_test_rmse,std_test_rmse,min_test_r2,max_test_r2
0,31,31,-24.682692107344135,92.83939424116485,6.341086905028799,4.019840293423683,-502.91741405722183,0.7189179504182159
1,29,29,0.09361601661367713,0.8286871742841532,5.666297732455339,5.570200392053455,-3.5932904908117367,0.639981800393953
2,27,27,-5.428348296019065,17.42444802320438,5.36868583904375,9.12100822028443,-83.20354960198988,0.6055148107448396
