cluster,total_sites,successful_folds,mean_test_r2,std_test_r2,mean_test_rmse,std_test_rmse,min_test_r2,max_test_r2
0,18,18,-3.006746766785939,8.174293052638511,6.516320475485294,8.045579783609135,-35.63324689832133,0.7800014861021516
1,20,20,-0.3767243397338088,1.6040091377041894,3.305631474664311,2.5592596553489986,-5.6025431480203025,0.7714096734283548
2,19,19,-12.635339884211369,37.65814561383612,7.983605003604275,4.644096119183423,-145.7279809191957,0.5718320258675318
3,13,13,-0.7013543193110193,3.7040613311283277,4.104385237569669,1.4992333504328053,-13.520702096048574,0.5502613191345358
4,17,17,-9.691537296897588,37.94876789474924,5.266679205145517,7.215166627201069,-161.43767166513697,0.3983802343936119
