cluster,total_sites,successful_folds,mean_test_r2,std_test_r2,mean_test_rmse,std_test_rmse,min_test_r2,max_test_r2
0,32,32,-4.69726599015283,17.317141522888353,4.334788143421574,7.401893643024158,-94.3670967931773,0.6593655389636661
1,32,32,-6.017246015063105,23.94789688062722,5.8196610491711755,3.71605461978486,-124.77959246789597,0.6179737711164337
2,20,20,0.02143636091567349,0.645500721600185,5.001382953487113,2.086675682936588,-1.6703844504668592,0.7079528904525908
