cluster,total_sites,successful_folds,mean_test_r2,std_test_r2,mean_test_rmse,std_test_rmse,min_test_r2,max_test_r2
0,18,18,-4.58221497312946,10.082782204756056,6.745852261820201,7.76462754317472,-36.322081212884456,0.41430561655084774
1,20,20,-0.36003484490968857,1.5296977216948486,3.3274118940887276,2.5373483853992336,-4.679277712281249,0.8302100355143687
2,19,19,-9.2065780603235,30.15633421445845,7.6314062383908166,4.82115132349215,-131.54624429548602,0.7715649614721526
3,13,13,-0.3424654022302007,2.3984848334056075,4.055191938687601,1.4323460026051704,-8.626630099175223,0.6279110671979667
4,17,17,-11013.151087453762,40944.159065583364,62.43612683249712,190.04713647849437,-174392.32354339768,0.4128019547170346
