cluster,total_sites,successful_folds,mean_test_r2,std_test_r2,mean_test_rmse,std_test_rmse,min_test_r2,max_test_r2
0,9,9,-3.9025735519700757,7.325241920597299,6.024665201681904,3.13661960633751,-19.848031369625073,0.639943395285773
1,8,8,-0.3910040848449935,1.0063847542568198,3.56020188201674,2.2205406250409188,-2.0773113960869183,0.7239907725536818
2,21,21,-16.224998512094267,50.16009052406653,7.787467594180932,4.403365934033299,-192.13164355659592,0.5217704742953859
3,13,13,0.07742959967850194,0.5433535266161438,5.95515288139625,8.085703066344568,-1.5494447520046544,0.5180439865562649
4,36,36,-4.449895711985529,19.784457487954132,4.813409861471638,7.026487248839269,-116.67314554612452,0.6156002259396913
