cluster,total_sites,successful_folds,mean_test_r2,std_test_r2,mean_test_rmse,std_test_rmse,min_test_r2,max_test_r2
0,13,13,0.8987034974861946,0.12051664900366439,0.8677229702663298,0.4795949114037531,0.4979069422863537,0.9834251597953336
1,20,20,0.9274937712051926,0.03901640090206128,1.2736174824308177,0.4606508332293309,0.8161368575160276,0.9911568871927683
2,19,19,0.7711727742526094,0.32128348979681776,2.5440412674408726,1.295457099674355,-0.25656969908477123,0.9760987404564411
3,22,22,0.8286286378267185,0.08102211721314392,1.4192591749342367,1.9133966960668851,0.622475923884158,0.9398421271360496
4,13,13,-1.9507891293033242,9.567663086213221,0.7041151465363422,0.34308039470089624,-35.08669249025182,0.9745651096653769
