cluster,total_sites,successful_folds,mean_test_r2,std_test_r2,mean_test_rmse,std_test_rmse,min_test_r2,max_test_r2
0,27,27,0.7059183506626829,0.3363093974417146,2.0718351340115095,1.3551611684340366,-0.27174215529281764,0.9726797355910837
1,27,27,0.9082505621631944,0.10194427132207512,1.280707674419905,0.48220557762886473,0.41437016288052453,0.988097797869635
2,30,30,0.8093004195182556,0.09222534058939379,1.4702723124003885,1.770250169443089,0.5481464323982526,0.9535813746449405
