cluster,total_sites,successful_folds,mean_test_r2,std_test_r2,mean_test_rmse,std_test_rmse,min_test_r2,max_test_r2
0,30,30,-10.665074055677385,46.410227418393255,5.926963222774665,3.926699196754394,-258.079848352615,0.61374392788499
1,31,31,-0.05946639424364062,0.9938214397406545,4.6765877085321845,1.9427362119490674,-4.1331809473919945,0.7632236536186765
2,26,26,-5.24935714040573,12.975526353623813,6.060885794116529,8.92330735104651,-55.55859011920666,0.5038385209100232
