cluster,total_sites,successful_folds,mean_test_r2,std_test_r2,mean_test_rmse,std_test_rmse,min_test_r2,max_test_r2
0,24,24,-739.6872847684793,3418.451422467977,22.933341573058772,55.57673730012712,-17129.25160294731,0.7333186534367842
1,31,31,-2.99174639154258,6.705549891265996,6.119919175586907,8.512756011359075,-29.288044782926516,0.6431984325513324
2,32,32,-6.898039111348411,22.84265581772926,5.71293156374619,3.7897485731187874,-120.42305990254782,0.7599462148872337
