cluster,total_sites,successful_folds,mean_test_r2,std_test_r2,mean_test_rmse,std_test_rmse,min_test_r2,max_test_r2
0,15,15,0.8661035424215257,0.1425078411054346,1.1083726005166794,0.585291082863293,0.3687689565748167,0.977303092766452
1,19,19,0.7643450925164226,0.3419343422242767,2.550154291787471,1.294327199530917,-0.28489624901416977,0.9757732191107467
2,20,20,0.9257353842633638,0.041434364273679254,1.2823466025026153,0.4530625474653579,0.8120271521623788,0.9909930806391003
3,19,19,0.8217927042123265,0.07753120070009303,1.3827398084656373,2.2063423040721455,0.6522405056919427,0.9225463399971142
4,14,14,-0.4085447678680327,4.396690938543729,0.744408795387602,0.3621185598377577,-16.24369824827302,0.9760371328140088
