cluster,total_sites,successful_folds,mean_test_r2,std_test_r2,mean_test_rmse,std_test_rmse,min_test_r2,max_test_r2
0,19,19,0.12636425226207337,0.43403525541974525,4.7644259946329335,1.6069929658849431,-1.4027503187651416,0.5789543446592089
1,27,27,-4.110403352811612,7.826346917338568,6.588762022432502,9.263161820948678,-23.13139333759397,0.5571452680444149
2,28,28,-0.5962369765925045,2.0404630491679323,6.909886812485873,4.166361660933047,-8.361731791054563,0.6029957322108657
3,13,13,-27.522980386403468,75.77869151380776,3.278648951475434,1.431486747024599,-283.33568508665,0.668069599711969
