{
  "0": {
    "max_depth": 13,
    "learning_rate": 0.2221046480562041,
    "subsample": 0.8382074777418009,
    "colsample_bytree": 0.7318412488784618,
    "min_child_weight": 7,
    "reg_alpha": 1.8994700785549543,
    "reg_lambda": 3.68275274927238,
    "n_estimators": 267
  },
  "1": {
    "max_depth": 9,
    "learning_rate": 0.09797506825727391,
    "subsample": 0.8724974278782189,
    "colsample_bytree": 0.7454833881983942,
    "min_child_weight": 4,
    "reg_alpha": 2.6654467070073986,
    "reg_lambda": 4.463968539806283,
    "n_estimators": 206
  },
  "2": {
    "max_depth": 6,
    "learning_rate": 0.1153668141051986,
    "subsample": 0.8853245115535029,
    "colsample_bytree": 0.8438835419601893,
    "min_child_weight": 10,
    "reg_alpha": 1.2203896444786397,
    "reg_lambda": 3.8688547404097515,
    "n_estimators": 152
  },
  "3": {
    "max_depth": 6,
    "learning_rate": 0.10455231680440812,
    "subsample": 0.7530078078377196,
    "colsample_bytree": 0.6740709409287029,
    "min_child_weight": 5,
    "reg_alpha": 1.2858927712345847,
    "reg_lambda": 1.172540958052927,
    "n_estimators": 111
  },
  "4": {
    "max_depth": 8,
    "learning_rate": 0.1489439392011327,
    "subsample": 0.624827796334596,
    "colsample_bytree": 0.6689159800039883,
    "min_child_weight": 6,
    "reg_alpha": 0.9269004999610387,
    "reg_lambda": 4.834718269678332,
    "n_estimators": 278
  },
  "5": {
    "max_depth": 10,
    "learning_rate": 0.2688107227947617,
    "subsample": 0.8697812769947522,
    "colsample_bytree": 0.7490619176748037,
    "min_child_weight": 3,
    "reg_alpha": 2.9614024248722406,
    "reg_lambda": 5.379301319243376,
    "n_estimators": 269
  }
}