cluster,total_sites,successful_folds,mean_test_r2,std_test_r2,mean_test_rmse,std_test_rmse,min_test_r2,max_test_r2
0,11,11,-17.075237901450514,49.26981755926011,2.9579348437895474,1.8006995971684525,-172.69643129590312,0.5540268253243616
1,20,20,-1.7255884405509225,4.082989346499537,5.020492673975008,7.850191757114718,-17.337186357574073,0.5390122193591754
2,10,10,-0.6684867316504448,1.406074319275127,5.812684003512166,1.8068652428832896,-4.104357699203355,0.6348430807691106
3,21,21,-10.180429839290925,45.76018444681522,8.173466233609522,5.237363116619071,-214.81238694680803,0.5146916756572291
4,13,13,-0.5112348288927129,1.818383939046346,5.891101967982847,8.049952942970542,-5.292726430903216,0.525107027227551
5,12,12,0.33701122648155657,0.293863416730391,3.7836380200790294,1.2192799421630989,-0.4798908201875416,0.6112121943206128
